{"cameraMode":{"drawMode":0,"name":"Shaded","section":"Shading Mode"},"sceneLighting":true,"audioPlay":false,"sceneViewState":{"m_AlwaysRefresh":false,"showFog":true,"showSkybox":true,"showFlares":true,"showImageEffects":true,"showParticleSystems":true,"showVisualEffectGraphs":true,"m_FxEnabled":true},"in2DMode":false,"pivot":{"x":158.73622131347657,"y":35.92931365966797,"z":63.72199249267578},"rotation":{"x":0.13588088750839234,"y":0.23681451380252839,"z":-0.033478062599897388,"w":0.9614596962928772},"size":8.617328643798829,"orthographic":false}